post_id,title,flair,score,post_upvote_ratio,subreddit,url,num_comments,body,created
t78nkb,Twitter Employees Can Work From Home ‘Forever’ Or ‘Wherever You Feel Most Productive And Creative’,ADBLOCK WARNING,48876,0.93,technology,https://www.forbes.com/sites/jackkelly/2022/03/05/twitter-employees-can-work-from-home-forever-or-wherever-you-feel-most-productive-and-creative/,1322,,1646484070.0
t7g238,"Hackers leak 190GB of alleged Samsung data, source code",Security,362,0.96,technology,https://www.bleepingcomputer.com/news/security/hackers-leak-190gb-of-alleged-samsung-data-source-code/,29,,1646506207.0
t739aq,A Ten-Year Old Nuclear-Blast Simulator Is Popular Again,Software,2703,0.95,technology,https://newsletters.theatlantic.com/galaxy-brain/62210e0ddc551a0020883980/online-americans-nuke-themselves/,119,,1646461290.0
t7dym2,Apple is reportedly working on a 'Mac Studio' computer and 7K monitor,Hardware,366,0.91,technology,https://mashable.com/article/apple-mac-studio-7k-monitor-rumor?utm_source=feedly&utm_medium=webfeeds,77,,1646500228.0
t74zgj,"DNA Gets Artificial Upgrade to Store Humanity's Boundless Digital Data - Scientists added seven new letters to the existing nucleotide alphabet, opening the door for extreme levels of data storage capacity.",Biotechnology,1032,0.95,technology,https://www.cnet.com/news/dna-gets-artificial-upgrade-to-store-humanitys-boundless-digital-data/,75,,1646468521.0
t6q6nm,A 'molecular drinks printer' claims to make anything from iced coffee to cocktails,Hardware,17628,0.91,technology,https://www.engadget.com/cana-one-molecular-drinks-printer-204738817.html,2173,,1646420341.0
t6v524,‘Cyberattack’ knocks thousands offline in Europe,Security,3629,0.96,technology,https://insiderpaper.com/cyberattack-knocks-thousands-offline-in-europe/,151,,1646434160.0
t7bnpu,"Protein tweak makes CRISPR gene editing 4,000 times less error-prone",Biotechnology,151,0.98,technology,https://newatlas.com/science/crispr-gene-editing-error-correction-protein/,4,,1646493735.0
t6sov1,"Disney Plus to offer cheaper, ad-supported subscription plan later this year",Business,5100,0.88,technology,https://www.polygon.com/platform/amp/22961438/disney-plus-ads-subscription-price-2022,784,,1646427278.0
t77y32,The Large Hadron Collider will explore the cutting edge of physics after 3-year shutdown,Nanotech/Materials,225,0.97,technology,https://www.space.com/large-hadron-collider-starts-3rd-run-soon,24,,1646481312.0
t77b6v,The underwater sea farm that's like a space station,Biotechnology,212,0.95,technology,https://www.newscientist.com/video/2310619-the-underwater-sea-farm-thats-like-a-space-station/,14,,1646478656.0
t7fywx,Wartime Is a Bad Time To Mess With the Internet,Politics,47,0.92,technology,https://www.eff.org/deeplinks/2022/03/wartime-bad-time-mess-internet,2,,1646505945.0
t7g0du,A Group Of Black Entreprenuers Are Turning What Was Once Black Wall Street Into A Tech Hub,Business,46,0.81,technology,https://www.blackenterprise.com/a-group-of-black-entreprenuers-are-turning-what-was-once-black-wall-street-into-a-tech-hub/,0,,1646506065.0
t6se0u,"Shareholders vote for Apple to conduct a civil rights audit, bucking company’s recommendation",Business,2311,0.96,technology,https://www.cnbc.com/2022/03/04/apple-shareholders-vote-for-company-to-conduct-a-civil-rights-audit.html,165,,1646426430.0
t6nwy4,I’ve Dealt With Foreign Cyberattacks. America Isn’t Ready for What’s Coming.,Security,4458,0.93,technology,https://www.nytimes.com/2022/03/04/opinion/ive-dealt-with-foreign-cyberattacks-america-isnt-ready-for-whats-coming.html,347,,1646414290.0
t7dx5u,'Elden Ring' PC update fixes Steam cloud save issue | Engadget,Software,48,0.87,technology,https://www.engadget.com/elden-ring-update-for-pc-fixes-steam-cloud-save-issue-162600459.html?src=rss,6,,1646500115.0
t6gvn0,Sony and Honda plan electric vehicle tie-up to take on Tesla,Business,29623,0.94,technology,https://www.ft.com/content/0d6b80ed-964a-4783-aab5-0e7bb68ba5e5,1849,,1646393122.0
t6l5x4,Japan's Sony and Honda are starting a new company to make electric vehicles,Business,5363,0.98,technology,https://www.cnn.com/2022/03/04/business/sony-honda-new-ev-company-intl-hnk/index.html,273,,1646406947.0
t77m97,"In an effort to fight misinformation, Twitter expands its crowdsourced fact-checking tool",Social Media,98,0.88,technology,https://siliconangle.com/2022/03/03/effort-fight-misinformation-twitter-expands-crowdsourced-fact-checking-tool/,7,,1646479963.0
t79iwi,Apple is rumored to be developing a 'Mac Studio' desktop and 7K display,Hardware,51,0.81,technology,https://www.engadget.com/apple-mac-studio-7k-display-rumor-200613844.html?src=rss,35,,1646487150.0
t6zvyr,"The Nokia brand is coming to low-cost laptops, and we got our hands on one",Hardware,321,0.88,technology,https://www.pcworld.com/article/619210/new-nokia-branded-budget-laptops-could-give-dell-and-acer-some-competition.html,40,,1646449143.0
t6jf6j,"The US government finally realizes that cars kill people outside the vehicle, too",Transportation,3417,0.95,technology,https://www.theverge.com/2022/3/3/22960262/nhtsa-ncap-five-star-safety-rating-adas-proposal,279,,1646401945.0
t793s5,Orbiting robots could help fix and fuel satellites in space,Space,28,0.8,technology,https://arstechnica.com/science/2022/03/orbiting-robots-could-help-fix-and-fuel-satellites-in-space/,1,,1646485699.0
t75bac,Volkswagen plans 2 bn euro electric car plant in Germany,Business,61,0.88,technology,https://techxplore.com/news/2022-03-volkswagen-bn-euro-electric-car.html,1,,1646469963.0
t7b4y2,Watch Out for These Phishing Tactics Disguised as 'Fun' on Social Media,Security,17,0.84,technology,https://www.cnet.com/news/watch-out-for-these-phishing-tactics-disguised-as-fun-on-social-media/,6,,1646492205.0
t77ewo,New Technology for Storing Summer Heat To Use in Winter,Nanotech/Materials,33,0.83,technology,https://scitechdaily.com/new-technology-for-storing-summer-heat-to-use-in-winter/,4,,1646479110.0
t6hg33,NASA Begins Assembly of Europa Clipper Spacecraft – Will Search for Alien Life on Jupiter’s Icy Moon Europa,Space,2007,0.97,technology,https://scitechdaily.com/nasa-begins-assembly-of-europa-clipper-spacecraft-will-search-for-alien-life-on-jupiters-icy-moon-europa/,62,,1646395364.0
t6d5gg,Tiny 'flower' formation spotted on Mars by Curiosity rover,Space,5608,0.83,technology,https://edition.cnn.com/2022/03/03/world/mars-flower-curiosity-rover-scn/index.html,160,,1646377380.0
t7a8tw,Apple presses U.S. lawmakers on dangers of 'sideloading' apps allowed by bill | Reuters,Politics,13,0.75,technology,https://www.reuters.com/technology/apple-presses-us-lawmakers-dangers-sideloading-apps-allowed-by-bill-2022-03-04/,8,,1646489444.0
t77k3f,Engineers Create Tiny Robot “Bugs” That Can Go Just About Anywhere,Robotics/Automation,20,0.77,technology,https://scitechdaily.com/engineers-create-tiny-robot-bugs-that-can-go-just-about-anywhere/,4,,1646479720.0
t7e0e4,Telegram app rides high on thirst for trustworthy news | Technology sector,Social Media,5,0.65,technology,https://www.theguardian.com/business/2022/mar/05/telegram-app-ukraine-rides-high-thirst-trustworthy-news,1,,1646500369.0
t79j2x,A Deep Dive into the Disastrous Consequences of the 2022 EARN IT Act — The Reed College Quest,Security,10,0.73,technology,https://reedquest.org/articles/2022/3/4/a-deep-dive-into-the-disastrous-consequences-of-the-2022-earn-it-act,0,,1646487166.0
t7g1t2,How digital health apps can exploit users’ data,Privacy,3,0.62,technology,https://privacyinternational.org/long-read/4804/how-digital-health-apps-can-exploit-users-data,0,,1646506184.0
t6fwnw,"Plebbit: A serverless, adminless, decentralized Reddit alternative",Software,1619,0.82,technology,https://github.com/plebbit/whitepaper/discussions/2,547,,1646389061.0
t62bzr,The secret police: Cops built a shadowy surveillance machine in Minnesota after George Floyd’s murder,Privacy,22138,0.93,technology,https://www.technologyreview.com/2022/03/03/1046676/police-surveillance-minnesota-george-floyd/,891,,1646343338.0
t6qmhy,"FTC, Justice Say Weight Watchers Parent Group Illegally Collected Child Health Data",Privacy,157,0.95,technology,https://www.nextgov.com/emerging-tech/2022/03/ftc-justice-say-weight-watchers-parent-group-illegally-collected-child-health-data/362786/,2,,1646421519.0
t6og40,"Apple teams up with Google, Mozilla, & Microsoft to improve browser interoperability.",Business,202,0.94,technology,https://appleinsider.com/articles/22/03/04/apple-teams-up-with-google-mozilla-microsoft-to-improve-browser-interoperability,50,,1646415700.0
t69h5t,Cybercriminals who breached Nvidia issue one of the most unusual demands ever,Security,2674,0.95,technology,https://arstechnica.com/information-technology/2022/03/cybercriminals-who-breached-nvidia-issue-one-of-the-most-unusual-demands-ever/,363,,1646364604.0
t6mrkc,"State Attorneys General Investigate TikTok, Children's Mental Health",Social Media,193,0.94,technology,https://www.businessinsider.com/state-attorneys-general-investigate-tiktok-childrens-mental-health-2022-3,7,,1646411232.0
t67xe5,Panasonic planning massive battery plant in U.S. to supply Tesla -NHK,Business,2248,0.97,technology,https://www.reuters.com/business/autos-transportation/panasonic-planning-massive-battery-plant-us-supply-tesla-nhk-2022-03-03/,49,,1646359678.0
t7b4m5,"The top 1,000 open-source libraries",Software,2,0.59,technology,https://www.zdnet.com/article/the-top-1000-open-source-libraries/,0,,1646492178.0
t6kus7,Tesla Gigafactory Berlin has secured its final environmental approval,Business,106,0.94,technology,https://www.teslarati.com/tesla-gigafactory-berlin-final-environment-permit-press-conference-live-blog/,2,,1646406067.0
t7bkpp,TikTok plans to add labels to ‘some’ state-controlled media,Social Media,3,0.63,technology,https://www.theverge.com/2022/3/4/22962289/tiktok-misinformation-state-media-labels-rollout-russia-ukraine,2,,1646493486.0
t5xe3a,Amazon’s Twitch Suffers Exodus of Executives Amid Strategy Fight,Business,3551,0.97,technology,https://www.bloomberg.com/news/articles/2022-03-03/amazon-s-twitch-is-losing-c-suite-people-amid-battle-over-strategy,252,,1646330025.0
t6czhv,Sony and Honda plan to make electric vehicles together,Business,288,0.94,technology,https://www.theverge.com/2022/3/4/22961207/sony-honda-electric-car-new-company-2025-date,26,,1646376766.0
t6p5e2,"BitTorrent is Still the King of Upstream Internet Traffic, But for How Long?",Networking/Telecom,32,0.74,technology,https://torrentfreak.com/bittorrent-is-still-the-king-of-upstream-internet-traffic-but-for-how-long-220304/,6,,1646417587.0
t5p6bt,TikTok faces investigation into its impact on young people’s mental health,Social Media,53809,0.91,technology,https://www.theverge.com/2022/3/2/22958900/tiktok-state-ag-investigation-teens-kids-mental-physical-health,2625,,1646305606.0
t6nnyz,"World's First Hydraulic Drone Promises Six-Hour, Non-Stop Flights Over 500 Miles",Robotics/Automation,38,0.79,technology,https://gizmodo.com/worlds-first-hydraulic-drone-can-fly-500-miles-1848587714,10,,1646413611.0
t6r6ot,Slack or bust: How workplace tools are becoming job deal-breakers,Business,27,0.77,technology,https://www.protocol.com/workplace/slack-teams-workplace-tools-jobs,11,,1646423090.0
t6i7s8,"NVIDIA data breach exposed credentials of over 71,000 employees",Security,82,0.88,technology,https://www.bleepingcomputer.com/news/security/nvidia-data-breach-exposed-credentials-of-over-71-000-employees/,10,,1646397995.0
t6q8uy,Study: Greater greenhouse gas reductions for pickup truck electrification than for other light-duty vehicles,Transportation,23,0.71,technology,https://news.umich.edu/study-greater-greenhouse-gas-reductions-for-pickup-truck-electrification-than-for-other-light-duty-vehicles/,2,,1646420490.0
t5zdz9,Lawmakers press FBI & Apple to provide information on use of Pegasus spyware,Security,1689,0.97,technology,https://appleinsider.com/articles/22/03/03/lawmakers-press-fbi-apple-to-provide-information-on-use-of-pegasus-spyware,19,,1646335290.0
t6lr2h,TSMC joins Intel-led chiplet alliance as founding member,Business,41,0.84,technology,https://focustaiwan.tw/business/202203040005,0,,1646408538.0
t6jred,FBI Gains Access to Sci-Hub Founder's Google Account Data * TorrentFreak,Politics,45,0.82,technology,https://torrentfreak.com/fbi-gains-access-to-sci-hub-founders-google-account-data-220303/,4,,1646402962.0
t6qurl,"California issues permits to Cruise, Waymo for autonomous vehicle service",Transportation,16,0.74,technology,https://www.reuters.com/technology/california-issues-permits-cruise-waymo-autonomous-vehicle-service-2022-02-28/,1,,1646422167.0
t5rz6t,Wingstop has filed a trademark to sell chicken wings in the metaverse,Business,3913,0.87,technology,https://www.businessinsider.com/wingstop-files-trademark-sell-chicken-wings-metaverse-2022-3,620,,1646315336.0
t6gpai,Twitch Cracks Down On Misinformation With New Streamer Ban Policy,Social Media,57,0.84,technology,https://www.slashgear.com/787567/twitch-cracks-down-on-misinformation-with-new-streamer-ban-policy/,3,,1646392402.0
t6n3qk,What does Bandcamp’s sale to Epic Games mean for independent music?,Business,20,0.79,technology,https://www.latimes.com/entertainment-arts/music/story/2022-03-03/bandcamp-epic-games-sale-independent-music,8,,1646412131.0
t6it7m,"Luminous Computing, which is developing a light-based AI accelerator chip, raises $105M",Business,34,0.8,technology,https://venturebeat.com/2022/03/03/luminous-computing-which-is-developing-a-light-based-ai-accelerator-chip-raises-105m/,0,,1646399972.0
t6m8u6,Google's New Camera-Free Sensor Can Read and React to Your Body Language,Hardware,16,0.81,technology,https://singularityhub.com/2022/03/04/googles-new-camera-free-sensor-can-read-and-react-to-your-body-language/,3,,1646409822.0
t5utyu,The surgeon general calls on Big Tech to turn over Covid-19 misinformation data.,Politics,1378,0.95,technology,https://www.nytimes.com/2022/03/03/technology/surgeon-general-covid-misinformation.html,155,,1646323334.0
t63qh6,"Sci-Hub, the site for pirated academic papers, is on trial in India | Dozens of Indian academics say blocking the site would have catastrophic consequences.",Society,395,0.97,technology,https://restofworld.org/2022/sci-hub-trial-india/,13,,1646347191.0
t62xfw,Nintendo Is Removing Switch Emulation Videos On Steam Deck,Business,408,0.94,technology,https://exputer.com/news/nintendo/switch-emulation-steam-deck/,99,,1646345005.0
t6mhrh,Apple Sets April 11 Deadline for U.S. Employees to Return to Office,Business,12,0.63,technology,https://www.macrumors.com/2022/03/04/apple-april-11-return-to-office-deadline/,45,,1646410499.0
t6h5p2,Forget Flying Cars. The World’s First Flying Motorcycle Is Coming.,Transportation,33,0.71,technology,https://robbreport.com/motors/aviation/new-air-bike-fly-250-mph-1234629791/,30,,1646394275.0
t5ncla,The EU filed a case against China at the WTO for restricting EU companies from going to a foreign court to protect and use their patents.,Politics,2986,0.97,technology,https://www.patentlyapple.com/2022/02/the-eu-filed-a-case-against-china-today-at-the-wto-for-restricting-eu-companies-from-going-to-a-foreign-court-to-protect-thei.html,48,,1646297918.0
t60qh6,Apple and FBI grilled by lawmakers on spyware from Israeli NSO Group,Security,272,0.96,technology,https://www.cnbc.com/2022/03/03/apple-and-fbi-grilled-by-lawmakers-on-spyware-from-israeli-nso-group.html,13,,1646338901.0
t69eqe,"Apple, Google, Microsoft, Mozilla agree on something: Make web dev lives easier",Business,68,0.88,technology,https://www.theregister.com/2022/03/04/web_dev_tech/,17,,1646364379.0
t5cpz4,"Amazon is closing all 68 of its Books, 4-Star, and Pop Up physical stores",Business,26121,0.94,technology,https://www.theverge.com/2022/3/2/22958745/amazon-book-4-star-pop-up-physical-retail-locations-closing,1415,,1646262136.0
t6jsxr,The Kind of Smarts You Don’t Find in Young People,Society,5,0.56,technology,https://www.theatlantic.com/family/archive/2022/03/older-workers-silicon-valley-business/623880/,4,,1646403085.0
t5xsni,Facebook researchers find its apps can make us lonelier,Social Media,194,0.93,technology,https://techxplore.com/news/2022-03-facebook-apps-lonelier.html,13,,1646331058.0
t6atss,"Snapdragon X70 powered by world’s first 5G AI Processor pushes smarter, faster 5G performance",Hardware,25,0.68,technology,https://www.qualcomm.com/news/onq/2022/02/28/snapdragon-x70-powered-worlds-first-5g-ai-processor-pushes-smarter-faster-5g,5,,1646369084.0
t6jy0j,TikTok Parent 'ByteDance' Partners with Qualcomm on XR Hardware and Software,Business,6,0.63,technology,https://www.roadtovr.com/qualcomm-tiktok-bytedance-vr-partnership/,0,,1646403501.0
t5nh9f,Taiwan proposed a new law to prevent China from stealing its semiconductor secrets.,Politics,835,0.97,technology,https://www.reuters.com/world/asia-pacific/taiwan-with-eye-china-boost-protection-its-semiconductor-secrets-2022-02-17,37,,1646298435.0
t5t8nz,"""Drug factory"" beads implanted in mice take out tumors within a week",Biotechnology,271,0.95,technology,https://newatlas.com/medical/drug-factory-beads-tumors-cancer-week/,4,,1646319014.0
t69r6w,States launch probe into TikTok's effect on kids' health,Social Media,25,0.74,technology,https://abcnews.go.com/Politics/wireStory/states-launch-probe-tiktoks-effect-kids-health-83215091,7,,1646365509.0
t6dfi6,A CMOS-based chip that integrates silicon quantum dots and multiplexed readout electronics,Nanotech/Materials,12,0.76,technology,https://techxplore.com/news/2022-02-cmos-based-chip-silicon-quantum-dots.html,1,,1646378488.0
t6a1br,The Cana One Beverage Machine Makes Drinks From a Few Drops of Flavor,Biotechnology,17,0.72,technology,https://www.cnet.com/home/smart-home/the-cana-one-beverage-machine-makes-your-favorite-drinks-from-a-few-drops-of-flavor/,16,,1646366425.0
t5v7kt,Leak exposes Ericsson’s secret dealings with ISIS amid Iraq corruption spree,Business,142,0.93,technology,https://www.icij.org/investigations/ericsson-list/ericsson-leak-isis-iraq-corruption/,2,,1646324364.0
t6d941,Here's How Your Router Collects Data and Handles Your Privacy,Security,6,0.62,technology,https://www.cnet.com/home/internet/your-router-is-collecting-your-data-privacy-explainer/,3,,1646377779.0
t5totg,Google tells employees in Bay Area and other U.S. locations to return to offices in April,Business,139,0.92,technology,https://www.cnbc.com/2022/03/02/google-tells-employees-to-return-to-offices-in-april.html,155,,1646320216.0
t51xtf,Meta warned it might quit Europe. The data-sharing mechanisms that emerged after Snowden spying revelations are at the heart of it.,Social Media,46551,0.91,technology,https://www.businessinsider.com/explainer-why-meta-warned-it-might-quit-europe-2022-3,2371,,1646233175.0
t65kcz,"As China Races to Build Chips, Chipmakers Face ‘Serious Brain Drain’",Business,24,0.85,technology,https://www.sixthtone.com/news/1009792/as-china-races-to-build-chips%2C-chipmakers-face-serious-brain-drain,7,,1646352410.0
t69jnc,How a simple security bug became a university campus ‘master key’,Security,10,0.7,technology,https://techcrunch.com/2022/03/03/cbord-university-digital-locks/,0,,1646364821.0
t5uojb,Australia could get to net zero emissions much quicker than 2050 if our politics was a force for change,Politics,84,0.91,technology,https://techxplore.com/news/2022-03-australia-net-emissions-quicker-politics.html,1,,1646322944.0
t6tm1a,Exclusive: ‘Mac Studio’ is coming – is it the pro Mac mini or mini Mac Pro?,Hardware,0,0.44,technology,https://9to5mac.com/2022/03/04/exclusive-mac-studio-is-coming-is-it-the-pro-mac-mini-or-mini-mac-pro/,9,,1646429824.0
t5szci,U.S. surgeon general asks tech cos for COVID misinformation data -NYT,Politics,94,0.87,technology,https://www.nasdaq.com/articles/u.s.-surgeon-general-asks-tech-cos-for-covid-misinformation-data-nyt,7,,1646318281.0
t624i0,FCC considers crackdown on bad wireless receivers after 5G/altimeter debacle,Politics,25,0.76,technology,https://arstechnica.com/tech-policy/2022/03/fcc-considers-crackdown-on-bad-wireless-receivers-after-5g-altimeter-debacle/,0,,1646342690.0
t4ynmb,President of USA wants to ban advertising targeted toward kids,Misleading,120612,0.78,technology,https://www.engadget.com/biden-wants-to-ban-advertising-targeted-toward-kids-052140748.html,4138,,1646222547.0
t5p8vy,Is Samsung the latest Android device maker throttling apps?,Software,124,0.85,technology,https://www.theverge.com/2022/3/3/22959600/samsung-app-throttling-game-optimizing-service-gos,17,,1646305892.0
t5xe79,Good News for Moore's Law: It's Easier Now to Make Superchips from Lots of Chiplets,Hardware,31,0.8,technology,https://www.cnet.com/tech/chip-giants-mix-and-match-processor-plan-could-speed-moores-law/,2,,1646330033.0
t5kf0t,Jeep’s first electric SUV is coming in 2023,Transportation,254,0.89,technology,https://www.theverge.com/2022/3/1/22956861/jeep-electric-suv-2023-ram-1500-ev-truck,93,,1646286161.0
t5vscp,Volvo is testing wireless EV charging tech in Sweden,Business,32,0.8,technology,https://www.engadget.com/volvo-ev-wireless-vehicle-charging-sweden-pilot-162122902.html?src=rss,2,,1646325925.0
t4z8oc,Company Offers Employees Masturbation Breaks With W*** Pods And VR,Business,4599,0.9,technology,https://www.ladbible.com/news/company-offers-employees-masturbation-breaks-with-vr-pods-20220301,944,,1646224742.0
t5rjj9,Brazzers Owner Awarded $36.5m in ‘YesPornPlease’ Copyright Lawsuit,Business,45,0.77,technology,https://torrentfreak.com/brazzers-owner-awarded-36-5m-in-yespornplease-copyright-lawsuit-220302/,4,,1646313962.0
t55be2,Epic Games Acquires Bandcamp as ‘Fortnite’ Maker Expands Into Music,Business,1649,0.92,technology,https://variety.com/2022/digital/news/epic-games-acquires-bandcamp-1235194180/,311,,1646242162.0
t5wmui,Plaintiffs Urge Judge to Strip Reddit of Section 230 Protections Over UGC,Politics,20,0.85,technology,https://www.xbiz.com/news/265074/plaintiffs-urge-judge-to-strip-reddit-of-section-230-protections-over-ugc,20,,1646328063.0
t675pg,Memory Bandwidth Napkin Math,Hardware,4,0.67,technology,https://www.forrestthewoods.com/blog/memory-bandwidth-napkin-math/,1,,1646357280.0
t5yep0,NASA Selects Advanced Futuristic Space Technology Concepts for Early Study,Space,14,0.75,technology,https://scitechdaily.com/nasa-selects-advanced-futuristic-space-technology-concepts-for-early-study/,6,,1646332692.0
t6lvtl,Naver’s metaverse platform Zepeto hits 300m users,Social Media,0,0.45,technology,https://www.koreaherald.com/view.php?ud=20220304000645,1,,1646408892.0
t5cvnk,Investors poured more than half a billion into solar software in the last week alone,Energy,418,0.95,technology,https://www.canarymedia.com/articles/climatetech-finance/investors-poured-more-than-half-a-billion-into-solar-software-in-the-last-week-alone,21,,1646262573.0
t5t6j5,T-Mobile data breach gets worse — how to protect your identity,Security,24,0.87,technology,https://nj1015.com/t-mobile-data-breach-gets-worse-how-to-protect-your-sensitive-information/,0,,1646318849.0
t5qv27,Elon Musk challenges UAW to hold a union vote at Tesla's California factory,Business,25,0.73,technology,https://www.engadget.com/elon-musk-challenges-uaw-union-vote-tesla-california-factory-095755736.html,11,,1646311751.0
t5mw3c,Musk invites union UAW to hold vote at Tesla California factory,Business,59,0.84,technology,https://www.reuters.com/business/autos-transportation/tesla-chief-musk-invites-union-uaw-hold-vote-california-factory-2022-03-03/,17,,1646295909.0
t6hdc2,"Folding phones could soon be mainstream, with Apple thought to have one in the works",Business,0,0.43,technology,https://www.cnbc.com/2022/03/04/apple-folding-phone-could-come-soon-after-samsung-galaxy-z-fold.html,9,,1646395110.0
t59qbh,Ice Cream Machine Hackers Sue McDonald's for $900 Million,Business,329,0.89,technology,https://www.wired.com/story/kytch-ice-cream-machine-hackers-sue-mcdonalds-900-million/,42,,1646253889.0
t4osws,"Workers behind the first union push at an Amazon retail store just sent management a list of demands, including a starting wage of $25 an hour",Business,61492,0.85,technology,https://www.businessinsider.com/workers-first-union-push-at-amazon-retail-store-want-25hr-2022-3,4547,,1646186605.0
t5ttwl,Rivian faces customer backlash over price increases,Business,8,0.7,technology,https://www.wglt.org/local-news/2022-03-02/rivian-faces-customer-backlash-over-price-increases,1,,1646320614.0
t5opy3,3G’s Sunset Takes Aging Cars and Medical Devices With It,Networking/Telecom,20,0.75,technology,https://spectrum.ieee.org/att-3g-shutdown,4,,1646303767.0
t5hwf0,Amazon Labor Union says it has NLRB go-ahead for second NYC election,Business,77,0.89,technology,https://www.theverge.com/2022/3/2/22959234/amazon-union-staten-island-ldj5-election-drive-nlrb-approval-go-ahead,1,,1646277749.0
t5w9ne,Foxconn to build first battery plants for EVs in southern Taiwan,Business,5,0.71,technology,https://asia.nikkei.com/Spotlight/Supply-Chain/Foxconn-to-build-first-battery-plants-for-EVs-in-southern-Taiwan,3,,1646327134.0
t5tr3k,Verizon Now Plans To Cover 175 Million People With Its Ultra Wideband 5G This Year,Networking/Telecom,9,0.81,technology,https://www.cnet.com/tech/mobile/verizon-now-plans-to-cover-175-million-people-with-its-ultra-wideband-5g-this-year/,3,,1646320393.0
t5njqg,DOD-Backed Effort Will Use Supercomputing to Predict Therapies for Future COVID-19 Variants,Machine Learning,22,0.78,technology,https://www.nextgov.com/emerging-tech/2022/03/dod-backed-effort-will-use-supercomputing-predict-therapies-future-covid-19-variants/362674/,2,,1646298743.0
t5pqsv,"Intel, AMD, and other industry heavyweights create a new standard for chiplets | UCIe 1.0 aims to standardize (and democratize) chiplet-based processor designs.",Hardware,14,0.95,technology,https://arstechnica.com/gadgets/2022/03/intel-amd-and-other-industry-heavyweights-create-a-new-standard-for-chiplets/,0,,1646307897.0
t5ts55,Chinese Cybersecurity Company Doxes Apparent NSA Hacking Operation,Security,5,0.65,technology,https://www.vice.com/en/article/v7dxg3/chinese-cybersecurity-company-doxes-apparent-nsa-hacking-operation,2,,1646320481.0
t5qdvs,The Arc One is an electric boat with a battery pack three times the size of Tesla’s,Transportation,8,0.85,technology,https://www.theverge.com/2022/3/3/22958830/arc-electric-boat-pre-proudction-photo-video-battery,5,,1646310162.0
t5htjw,"Google Play app downloaded more than 10,000 times contained data-stealing RAT",Security,43,0.81,technology,https://arstechnica.com/information-technology/2022/03/google-play-app-drops-data-stealing-teabot-rat-on-10000-android-phones/,21,,1646277509.0
t5uvnl,Major social media platforms in China ban offensive content and misinformation,Social Media,6,0.63,technology,https://en.pingwest.com/a/9887,2,,1646323454.0
t5wb94,WhatsApp launches test of in-app business directory,Social Media,5,0.78,technology,https://www.moneycontrol.com/news/business/whatsapp-launches-test-of-in-app-business-directory-7471791.html,1,,1646327244.0
t5i0dp,Netflix struggles with ambitions in India,Business,31,0.77,technology,https://www.ft.com/content/47ade68f-c7b4-4db6-961a-720456ece68a,17,,1646278094.0
t4xmvl,"Bungie rejects Steam Deck’s Linux, threatens to ban Destiny 2 players there",Business,712,0.92,technology,https://www.theverge.com/22957294/bungie-destiny-2-steam-deck-game-ban,278,,1646218454.0
t4zw42,Netflix acquires another developer to build ‘world class games’,Business,355,0.91,technology,https://www.theverge.com/2022/3/2/22957953/netflix-next-games-acquisition-stranger-things-mobile-puzzle-rpg,64,,1646226883.0
t5brwe,New Windows 11 test build wants your credit card info,Business,61,0.64,technology,https://www.pcworld.com/article/618957/new-windows-11-test-build-wants-to-know-your-credit-card.html,83,,1646259582.0
t4il9f,"David Boggs, Co-Inventor of Ethernet, Dies at 71",Society,6100,0.97,technology,https://www.nytimes.com/2022/02/28/technology/david-boggs-dead.html,147,,1646169381.0
t4xwpl,China backpedals on climate promises as economy slows,Business,388,0.92,technology,https://phys.org/news/2022-03-china-backpedals-climate-economy.html,45,,1646219547.0
t4i2wk,Steve Wozniak's new venture takes aim at space junk,Business,5085,0.97,technology,https://www.cnn.com/2022/03/01/tech/space-junk-steve-wozniak-privateer-scn/index.html,154,,1646168076.0
t51vno,Fitbit recalls more than 1 million smartwatches after dozens of reports of burn injuries,Hardware,158,0.95,technology,https://www.businessinsider.com/fitbit-recalls-over-1-million-smart-watches-burn-injury-reports-2022-3,26,,1646233001.0
t59iz0,"Finally, we know production costs for SLS and Orion, and they’re wild",Space,38,0.82,technology,https://arstechnica.com/science/2022/03/nasa-inspector-general-says-sls-costs-are-unsustainable/,14,,1646253321.0
t5bde1,Coalition of AGs investigating TikTok's impact on children,Social Media,31,0.87,technology,https://thehill.com/policy/technology/596606-coalition-of-ags-investigating-tiktoks-impact-on-children,3,,1646258478.0
t5cfwa,"Facebook shuts down its attempt to remake original Facebook inside Facebook | The blue app is killing off Campus, its section for college students.",Social Media,24,0.79,technology,https://www.theverge.com/2022/3/2/22958596/facebook-campus-shut-down-college-younger-users-meta,9,,1646261361.0
t5g2km,Wordle rip-offs are running rampant on the App Store again,Software,16,0.67,technology,https://www.theverge.com/2022/3/2/22958907/wordle-rip-offs-app-store-apple-new-york-times-word-game-moderation,4,,1646272128.0
t5tptl,Nokia Announces Adaptive Cloud Networking,Networking/Telecom,0,0.5,technology,https://www.rcrwireless.com/20220302/telco-cloud/nokia-announces-adaptive-cloud-networking,0,,1646320293.0
t5g3uw,Carl Pei’s Nothing reportedly plans to launch a smartphone by next month,Hardware,11,0.64,technology,https://www.theverge.com/2022/3/2/22958333/carl-pei-nothing-oneplus-android-smartphone-launch,5,,1646272232.0
t4bfd2,Russian Cybersecurity Giant Kaspersky Tries to Maintain Neutrality During Ukraine War,Politics,6134,0.95,technology,https://www.vice.com/en/article/dyp5qj/eugene-kaspersky-neutral-ukraine-war-russia,418,,1646151010.0
t5axst,"Epic Games begins to show it’s “more than games,” acquires Bandcamp",Business,22,0.68,technology,https://arstechnica.com/gaming/2022/03/epic-games-begins-to-show-its-more-than-games-acquires-bandcamp/,8,,1646257294.0
t46sgm,Exclusive: Ukraine Pushes to Unplug Russia From the Internet,Politics,59241,0.87,technology,https://www.rollingstone.com/politics/politics-news/ukraine-icann-russia-internet-runet-disconnection-1314278/,2073,,1646137529.0
t468ud,"Meta, YouTube, and TikTok block Russian state media in Europe",Business,12587,0.97,technology,https://www.businessinsider.com/facebook-instagram-youtube-tiktok-block-russian-state-media-in-eu-2022-3,347,,1646135655.0
t4g0pe,Organized crime has infiltrated online dating with sophisticated 'pig-butchering' scams,Security,2033,0.95,technology,https://theconversation.com/organized-crime-has-infiltrated-online-dating-with-sophisticated-pig-butchering-scams-177445,246,,1646162762.0
t5ctbx,Xcel Energy Considering Nuclear Operator Role at Idaho NuScale SMR Plant,Business,14,0.76,technology,https://www.powermag.com/xcel-energy-considering-nuclear-operator-role-at-idaho-nuscale-smr-plant/,0,,1646262387.0
t44iav,Reddit has quarantined r/Russia due to misinformation,Politics,67125,0.88,technology,https://mashable.com/article/reddit-russia-subreddit-quarantined-ukraine,1401,,1646128800.0
t52luq,The Polestar O2 is a sleek electric roadster with an integrated drone for aerial filming,Transportation,45,0.77,technology,https://www.theverge.com/2022/3/2/22956775/polestar-o2-electric-roadster-concept-drone,20,,1646234982.0
t4d1o6,"First solar canal project is a win for water, energy, air and climate in California",Energy,2606,0.97,technology,https://techxplore.com/news/2022-03-solar-canal-energy-air-climate.html,126,,1646155175.0
t5esbd,The effect of renewable energy incorporation on power grid stability and resilience,Energy,6,0.75,technology,https://www.science.org/doi/10.1126/sciadv.abj6734,0,,1646268206.0
t5huwi,"You can do a wheelie on Segway’s high-octane $4,000 e-scooter",Transportation,2,0.57,technology,https://mashable.com/article/segway-ninebot-gt2-electric-scooter?utm_source=feedly&utm_medium=webfeeds,2,,1646277620.0
t5d6h7,Biden to Congress: Pass That Bill to Fund US Chip Manufacturing,Politics,7,1.0,technology,https://www.cnet.com/news/biden-to-congress-pass-that-bill-to-fund-us-chip-manufacturing/,3,,1646263414.0
t54ug3,Apple officially announces ‘Peek Performance’ March 8th event,Business,20,0.71,technology,https://www.theverge.com/2022/3/2/22949618/apple-iphone-se-ipad-air-face-id-mask-spring-event-peek-performance,10,,1646240944.0
t59urg,CPU-Z Adds Official Support for Ryzen 7 5800X3D and Core i9-12900KS,Software,11,0.78,technology,https://www.tomshardware.com/news/cpu-z-adds-support-5800x3d-i9-12900ks,2,,1646254224.0
t596we,MediaTek might have overtaken Qualcomm in US Android marketshare,Business,10,0.71,technology,https://www.theverge.com/2022/3/1/22956593/mediatek-qualcomm-android-processor-smartphone-marketshare-united-states-dimensity,4,,1646252405.0
t48641,Italy plans $4.5 bln fund to boost chipmaking,Business,2888,0.97,technology,https://www.reuters.com/world/europe/italy-plans-45-bln-fund-boost-domestic-chipmaking-innovative-technologies-draft-2022-03-01/,105,,1646142094.0
t5w2gy,iPhone vs. Android: How to choose the best smartphone for you,Hardware,0,0.31,technology,https://www.computerworld.com/article/2468474/iphone-vs-android-which-is-better-for-you.html,8,,1646326653.0
t4zrx5,"Better sound, better graphics, better physics—the Gran Turismo 7 review",Software,29,0.73,technology,https://arstechnica.com/gaming/2022/03/gran-turismo-7-reviewed-the-legend-turns-25/,5,,1646226481.0
t4v75q,New Solar Panel Design Uses Wasted Energy to Make Water From Air,Hardware,75,0.9,technology,https://www.msn.com/en-us/news/technology/new-solar-panel-design-uses-wasted-energy-to-make-water-from-air/ar-AAUttEe?ocid=BingNewsSearch,4,,1646208018.0
t5c3t9,Meta says its metaverse ambitions won't be possible without better cellular networks,Business,4,0.59,technology,https://www.cnbc.com/2022/03/02/meta-says-todays-cellular-networks-arent-ready-for-the-metaverse.html,9,,1646260454.0
t53pxm,Brazil’s move to legalize sports gambling is fueling a digital gold rush | The country could become the largest sports gambling market on the planet.,Business,16,0.75,technology,https://restofworld.org/2022/brazil-legalize-sports-gambling/,1,,1646238020.0
t55f9p,How a Swiss start-up wants to reinvent nuclear energy,Business,11,0.74,technology,https://www.swissinfo.ch/eng/business/how-a-swiss-start-up-wants-to-reinvent-nuclear-energy/47298052,6,,1646242437.0
t532k9,How Airships Could Overcome a Century of Failure,Transportation,17,0.78,technology,https://www.bloomberg.com/news/articles/2022-03-02/how-a-new-breed-of-airships-could-overcome-a-century-of-failure,5,,1646236285.0
t4d012,Inflation Is Coming for Your Digital Subscriptions,Business,912,0.93,technology,https://www.wsj.com/articles/netflix-amazon-rising-subscription-costs-how-to-cope-11645803843,247,,1646155051.0
t534ar,‘Former pirate’ Adam Lackman hit with $19.5 million fine for piracy,Business,14,0.73,technology,https://www.theverge.com/2022/3/1/22956219/kodi-tvaddons-creator-fined-19-million-copyright-infringement-piracy,5,,1646236423.0
t54mck,"YouTuber DIY project shows just how much smaller a M1 Mac mini could be, without sacrificing performance",Hardware,9,0.74,technology,https://9to5mac.com/2022/03/02/mac-mini-mini-youtube/,3,,1646240391.0
t4y0ja,Optical Computing Advance: Breakthrough Discovery in Light Interactions With Nanoparticles,Nanotech/Materials,25,0.8,technology,https://scitechdaily.com/optical-computing-advance-breakthrough-discovery-in-light-interactions-with-nanoparticles/,1,,1646219992.0
t5qbqt,Nothing might be working on a smartphone. Hopefully it'll be transparent.,Business,0,0.33,technology,https://in.mashable.com/mobile/28222/nothing-might-be-working-on-a-smartphone-hopefully-itll-be-transparent,0,,1646309967.0
t4s2su,Valve is already planning a Steam Deck 2,Business,80,0.75,technology,https://www.pcgamer.com/valve-is-already-planning-a-steam-deck-2/,21,,1646196674.0
t5491q,"After Going Bankrupt For Underinvesting In Fiber, Frontier Communications Pretends It Has Seen The Light",Business,8,0.74,technology,https://www.techdirt.com/2022/03/02/after-going-bankrupt-underinvesting-fiber-frontier-communications-pretends-it-has-seen-light/,5,,1646239424.0
t5eka1,Amazon to shut its bookstores and other shops as its grocery chain expands,Business,0,0.4,technology,https://www.reuters.com/business/retail-consumer/exclusive-amazon-close-all-its-physical-bookstores-4-star-shops-2022-03-02/,14,,1646267528.0
t3qrkw,The teen famous for tracking Elon Musk's jet has a new target: Russian oligarchs,Social Media,137121,0.88,technology,https://www.businessinsider.com/elon-musk-jet-tracking-teen-russian-oligarch-jets-twitter-account-2022-2,2056,,1646084536.0
t4o87p,"What Is a Double VPN, and Does It Even Work?",Privacy,59,0.84,technology,https://www.howtogeek.com/785619/what-is-a-double-vpn-and-does-it-even-work/,18,,1646184896.0
t4tl2b,"Google blocks RT, Sputnik from Play app store in Europe",Politics,20,0.7,technology,https://www.reuters.com/technology/exclusive-google-blocks-rt-sputnik-play-app-store-europe-2022-03-02/,3,,1646201770.0
t589si,Researchers show how to make ‘computer’ out of liquid crystals,Nanotech/Materials,1,0.54,technology,https://news.uchicago.edu/story/researchers-show-how-make-computer-out-liquid-crystals,0,,1646249958.0
t4xc2r,KDE Eco – Building Energy-Efficient Free Software,Software,11,0.71,technology,https://eco.kde.org/,0,,1646217148.0
t3oada,Netflix Declines to Carry Russian Propaganda Channels,Politics,25106,0.94,technology,https://variety.com/2022/tv/global/netflix-russian-propaganda-channels-1235192082/,518,,1646078138.0
t4wisr,Google Messages is looking for your SMS 'donations' to help improve categorization,Privacy,10,0.71,technology,https://www.androidpolice.com/google-messages-sms-donations/,1,,1646213627.0
t4fjwl,"Venus Drones, Sun-Powered Ships and More: NASA Announces Funding for Sci-Fi Like Projects",Space,106,0.93,technology,https://www.ign.com/articles/venus-drones-sun-powered-ships-nasa-announces-funding-for-sci-fi-like-projects,2,,1646161541.0
t4x54f,Apple Reportedly Completes Production Tests for AR/VR Headset,Business,6,0.63,technology,https://www.macrumors.com/2022/02/21/apple-completes-ar-vr-headset-production-tests/,3,,1646216322.0
t4dhob,These solar panels pull in water vapor to grow crops in the desert,Hardware,127,0.93,technology,https://techxplore.com/news/2022-03-solar-panels-vapor-crops.html,16,,1646156339.0
t4dz31,Zero-emission vessels being developed for Europe's ferry industry,Transportation,82,0.92,technology,https://techxplore.com/news/2022-03-zero-emission-vessels-europe-ferry-industry.html,2,,1646157583.0
t41dl8,Flood of Russian misinformation puts tech companies in the hot seat,Social Media,610,0.94,technology,https://www.theguardian.com/media/2022/feb/28/facebook-twitter-ukraine-russia-misinformation,26,,1646115989.0
t46qbm,Ethernet co-inventor David Boggs dies at 71,Society,196,0.95,technology,https://www.engadget.com/ethernet-co-inventor-david-boggs-dies-at-71-110524422.html,12,,1646137329.0
t4m3nw,Why Elon Musk and Tesla need a Tim Cook,Business,21,0.57,technology,https://techcrunch.com/2022/03/01/elon-musk-and-tesla-need-a-tim-cook/,46,,1646178748.0
t53aly,Can We Find Life? | The Search For Life – Exoplanet Exploration: Planets Beyond our Solar System,Space,1,0.57,technology,https://exoplanets.nasa.gov/search-for-life/can-we-find-life/,2,,1646236895.0
t4cqwc,AirTags are dangerous — here’s how Apple could fix them,Privacy,67,0.68,technology,https://www.theverge.com/2022/3/1/22947917/airtags-privacy-security-stalking-solutions,61,,1646154394.0
t538zl,TCP Middlebox Reflection: Coming to a DDoS Near You,Networking/Telecom,2,0.76,technology,https://www.akamai.com/blog/security/tcp-middlebox-reflection,0,,1646236790.0
t43za5,YouTube to block channels linked to Russia's RT and Sputnik across Europe,Society,270,0.93,technology,https://www.reuters.com/lifestyle/youtube-block-channels-linked-russias-rt-sputnik-across-europe-2022-03-01/,10,,1646126507.0
t3pv4e,"SpaceX shipment of Starlink satellite internet dishes arrives in Ukraine, government official says",Politics,2527,0.96,technology,https://www.cnbc.com/2022/02/28/ukraine-updates-starlink-satellite-dishes.html,180,,1646082184.0
t3eyu9,"A Russia-linked hacking group broke into Facebook accounts and posted fake footage of Ukrainian soldiers surrendering, Meta says",Misleading,51770,0.91,technology,https://www.businessinsider.com/meta-russia-linked-hacking-group-fake-footage-ukraine-surrender-2022-2,721,,1646052877.0
t4nkcn,"Semiconductor sales to Russia banned, but that shouldn't hurt Intel, AMD and other chip makers",Business,14,0.78,technology,https://www.marketwatch.com/story/semiconductor-sales-to-russia-banned-but-that-shouldnt-hurt-intel-amd-and-other-chip-makers-11646079584,5,,1646182926.0
t4evfn,Solar Tsunami: Solar PV grows 26% again – stays exponential as it blows past 4% of US electricity in 2021,Business,38,0.8,technology,https://pv-magazine-usa.com/2022/02/28/solar-tsunami-solar-pv-grows-26-again-stays-exponential-as-it-blows-past-4-of-us-electricity-in-2021/,5,,1646159829.0
t484ty,Fusion tech is set to unlock near-limitless ultra-deep geothermal energy,Energy,97,0.88,technology,https://newatlas.com/energy/quaise-deep-geothermal-millimeter-wave-drill/,14,,1646141994.0
t45yhw,"YouTube geoblocks Russia Today, Sputnik channels in Europe",Politics,138,0.92,technology,https://techcrunch.com/2022/03/01/youtube-geoblocks-rt/,3,,1646134541.0
t3zrlg,Selling Texans on electric vehicles may be uphill climb,Business,402,0.86,technology,https://techxplore.com/news/2022-02-texans-electric-vehicles-uphill-climb.html,284,,1646110498.0
t3gwar,"Airbnb to Provide Accommodation for 100,000 Ukrainian Refugees",Business,5378,0.97,technology,https://www.bnnbloomberg.ca/airbnb-to-provide-accommodation-for-100-000-ukrainian-refugees-1.1729799,78,,1646058617.0
t4asu6,A green ‘sea change’ as water transport makes its move,Transportation,43,0.8,technology,https://ec.europa.eu/research-and-innovation/en/horizon-magazine/green-sea-change-water-transport-makes-its-move,0,,1646149414.0
t4ip8w,"The Steam Deck just launched, but a few owners are already reporting stick drift",Hardware,14,0.63,technology,https://www.theverge.com/2022/3/1/22956866/valve-steam-deck-stick-drift-replacement,16,,1646169669.0
t5c11x,Tesla's Elon Musk explains why too much electric vehicle range does not make sense,Business,0,0.35,technology,https://www.teslarati.com/tesla-elon-musk-too-much-electric-vehicle-range-no-sense/,58,,1646260247.0
t405e7,"A wartime plea to Western satellite companies: “We need this data, please”",Politics,284,0.95,technology,https://arstechnica.com/science/2022/02/a-wartime-plea-to-western-satellite-companies-we-need-this-data-please/,11,,1646111703.0
t4fgwj,NVIDIA DLSS Source Code Leaked,Security,18,0.75,technology,https://www.techpowerup.com/292479/nvidia-dlss-source-code-leaked,4,,1646161325.0
t4aone,ARPANET pioneer Jack Haverty says internet is unfinished,Networking/Telecom,31,0.81,technology,https://www.theregister.com/2022/03/01/the_internet_is_so_hard/,1,,1646149119.0
t3iirg,Handful of Russian media websites display anti-Putin message after hack,Security,2336,0.98,technology,https://www.reuters.com/world/handful-russian-media-websites-display-anti-putin-message-after-hack-2022-02-28/,35,,1646063128.0
t41wfj,Russia withdraws from European spaceport in response to sanctions,Politics,127,0.92,technology,https://www.engadget.com/russia-withdraws-from-european-spaceport-155418336.html,11,,1646117950.0
t4dqjn,Trapped in Silicon Valley’s Hidden Caste System,Business,18,0.68,technology,https://www.wired.com/story/trapped-in-silicon-valleys-hidden-caste-system/,3,,1646156979.0
t3rn3n,"TSMC, Intel, AMD halt shipments to Russia as part of US sanctions",Politics,511,0.97,technology,https://appleinsider.com/articles/22/02/28/tsmc-intel-amd-halt-shipments-to-russia-as-part-of-us-sanctions,28,,1646086842.0
t3mzn2,Twitter will mark tweets with links to Russian state-backed media and limit their reach,Social Media,825,0.96,technology,https://techcrunch.com/2022/02/28/twitter-will-mark-tweets-with-links-to-russian-state-backed-media-and-limit-their-reach/,32,,1646074796.0
t4dqdv,"Small city sets example for floating solar, empowered by NREL data set",Energy,10,0.72,technology,https://techxplore.com/news/2022-03-small-city-solar-empowered-nrel.html,2,,1646156967.0
t4875q,Sensor breakthrough paves way for groundbreaking map of world under Earth surface,Hardware,23,0.97,technology,https://phys.org/news/2022-02-sensor-breakthrough-paves-groundbreaking-world.html,1,,1646142184.0
t3xkv2,Signal says messages circulating about app's hacking false,Security,149,0.95,technology,https://www.reuters.com/technology/signal-says-messages-circulating-about-apps-hacking-false-2022-03-01/,10,,1646103755.0
t3xv2j,How CNN geolocates and verifies social media footage from Ukraine,Politics,139,0.88,technology,https://www.cnn.com/2022/02/28/world/ukraine-social-media-footage-verification/index.html,21,,1646104599.0
t4k8t1,"MLOps: What It Is, Why It Matters",Machine Learning,4,0.67,technology,https://exchange.scale.com/public/blogs/mlops-what-it-is-why-it-matters,0,,1646173739.0
t37dz8,Sid Meier warns the games industry about monetisation,Business,11558,0.97,technology,https://www.bbc.com/news/entertainment-arts-60304123,920,,1646024337.0
t44u5g,Cyberattack forces Toyota to suspend vehicle production in Japan,Transportation,32,0.79,technology,https://www.engadget.com/cyberattack-reportedly-forces-toyota-to-suspend-production-in-japan-062527435.html,2,,1646130131.0
t34fk0,Union Files “Precedent-Setting” Charges of Misconduct Against Amazon,Business,17850,0.96,technology,https://truthout.org/articles/union-files-precedent-setting-charges-of-misconduct-against-amazon/,361,,1646015034.0
t34o7l,Google temporarily disables Google Maps live traffic data in Ukraine,Politics,12454,0.98,technology,https://www.reuters.com/technology/google-temporarily-disables-google-maps-live-traffic-data-ukraine-2022-02-28/,300,,1646015732.0
t4dycx,Feel tremors under your feet or watch an ocean bed split open: VR tech brings geography lessons to life,Hardware,7,0.77,technology,https://techxplore.com/news/2022-03-tremors-feet-ocean-bed-vr.html,1,,1646157530.0
t3sh2v,Webb Telescope Brings a Star Into Focus as It Completes ‘Image Stacking’ Alignment Phase,Space,176,0.95,technology,https://gizmodo.com/webb-telescope-brings-a-star-into-focus-as-it-completes-1848603391,9,,1646089021.0
t4cv4u,Waymo to start charging money for its robotaxi rides in San Francisco,Business,8,0.84,technology,https://www.theverge.com/2022/3/1/22956335/waymo-robotaxi-rides-paid-san-francisco-cpuc,0,,1646154690.0
t41mp1,Africa’s First AI Research Center Inaugurated in Congo,Business,30,0.79,technology,https://energycapitalpower.com/africas-first-ai-research-center-inaugurated-in-congo/,1,,1646116919.0
t3zkti,Nokia's Newest Android Go Phones Have Removable Batteries and Other 2014 Specs,Hardware,37,0.8,technology,https://www.androidpolice.com/nokias-newest-android-go-phones-include-a-removable-battery/,10,,1646109867.0
t3xm17,Ukraine gets Starlink internet terminals - and friendly warning about safety,Security,53,0.81,technology,https://www.reuters.com/technology/ukraine-gets-starlink-internet-terminals-friendly-warning-about-safety-2022-02-28/,7,,1646103852.0
t3qf0e,"If Facebook and Google are annoyed, Apple must be doing something right",Privacy,151,0.83,technology,https://www.macworld.com/article/616195/apple-breakfast-february-26-2022.html,38,,1646083620.0
t3fyfb,Germany aims to get 100% of energy from renewable sources by 2035,Business,605,0.96,technology,https://www.reuters.com/business/sustainable-business/germany-aims-get-100-energy-renewable-sources-by-2035-2022-02-28/?utm_source=reddit.com,72,,1646055935.0
t3z7ry,Op-Ed: EARN IT Act Could Seriously Degrade CleanTech Security,Politics,40,0.82,technology,https://cleantechnica.com/2022/02/28/earn-it-act-could-seriously-degrade-cleantech-security/,2,,1646108692.0
t33gii,Russia battling big tech to control the Ukraine narrative,Politics,5850,0.97,technology,https://www.reuters.com/technology/russia-invades-ukraine-moscow-battles-big-tech-control-narrative-2022-02-28/,208,,1646012108.0
t3l7qi,"Lockheed Martin, Northrop Grumman, York Space selected to build DoD’s internet-in-space constellation",Business,246,0.96,technology,https://spacenews.com/lockheed-martin-northrop-grumman-york-space-selected-to-build-dods-internet-in-space-constellation/,37,,1646070259.0
t3q6k6,US State Wants To Ban Over-The-Air Vehicle Updates,Politics,104,0.93,technology,https://carbuzz.com/news/us-state-wants-to-ban-over-the-air-vehicle-updates,99,,1646083002.0
t4ekjj,Nokia Reveals Specs For Three New Budget-Friendly Phones At MWC 2022,Hardware,3,0.67,technology,https://www.slashgear.com/782382/nokia-reveals-specs-for-three-new-budget-friendly-phones-at-mwc-2022/,1,,1646159058.0
t3vzbd,"The Oddly Addictive Quality of Google Alerts | The imperfect, scattershot search tool delivers just enough usefulness and serendipity to keep one hooked.",Software,27,0.73,technology,https://www.newyorker.com/culture/rabbit-holes/the-oddly-addictive-quality-of-google-alerts,3,,1646099050.0
t3on04,Cyberattack on NATO could trigger collective defence clause - official,Politics,77,0.92,technology,https://www.reuters.com/world/europe/cyberattack-nato-could-trigger-collective-defence-clause-official-2022-02-28/,1,,1646079013.0
t3riw6,"New Chinese hacking tool found, spurring U.S. warning to allies",Security,52,0.86,technology,https://www.reuters.com/technology/new-chinese-hacking-tool-found-spurring-us-warning-allies-2022-02-28/,4,,1646086522.0
t3m05d,Dutch watchdog fines Apple again; company argues it has complied,Business,85,0.93,technology,https://www.reuters.com/technology/apple-says-it-has-complied-with-dutch-watchdog-letter-2022-02-28/,2,,1646072253.0
t3of5a,Graphics Card Prices Dropped 11% in February,Hardware,61,0.88,technology,https://www.tomshardware.com/news/graphics-card-prices-dropped-11-percent-in-february,6,,1646078470.0
t414v9,"Mercedes hopes to roll out Level 3 self-driving in U.S. this year, CEO says",Business,10,0.65,technology,https://europe.autonews.com/automakers/mercedes-hopes-roll-out-level-3-self-driving-us-year-ceo-says,1,,1646115113.0
t2vc52,BitConnect founder charged with orchestrating $2 billion Ponzi scheme,Society,5337,0.98,technology,https://www.cnn.com/2022/02/27/business/bitconnect-ponzi-scheme-satish-kumbhani/index.html,277,,1645988959.0
t2phdt,Russia demands Google restore access to its media YouTube channels in Ukraine,Politics,82335,0.91,technology,https://www.reuters.com/world/europe/russia-demands-google-restore-access-its-media-youtube-channels-ukraine-2022-02-27/,4162,,1645972435.0
t34qud,Revealed: leaked files show how Ericsson allegedly helped bribe Islamic State: Telecoms giant’s internal investigators uncover allegations it was involved in corruption in at least 10 countries,Business,1214,0.97,technology,https://www.theguardian.com/business/2022/feb/27/revealed-leaked-files-ericsson-allegedly-helped-bribe-islamic-state,22,,1646015945.0
t3resg,How to spot fake or misleading footage on social media claiming to be from the Ukraine war,Social Media,33,0.85,technology,https://www.pbs.org/newshour/world/how-to-spot-fake-or-misleading-footage-on-social-media-claiming-to-be-from-the-ukraine-war,2,,1646086221.0
t3wv8u,Nokia's New Phones Go Big on Batteries But Low on Price,Hardware,14,0.74,technology,https://www.cnet.com/tech/mobile/nokias-new-phones-go-big-on-batteries-but-low-on-price/,3,,1646101648.0
t3ikhl,US Carriers Waive Fees for Customers Who Need to Call Ukraine,Politics,99,0.95,technology,https://www.cnet.com/tech/mobile/mobile-carriers-offering-support-to-us-consumers-affected-by-ukraine-invasion,3,,1646063256.0
t3di1p,"Facebook, Twitter remove disinformation accounts targeting Ukrainians",Politics,216,0.92,technology,https://www.nbcnews.com/tech/internet/facebook-twitter-remove-disinformation-accounts-targeting-ukrainians-rcna17880,18,,1646047841.0
t3i04p,Social networks face pressure to ban Russian state media,Politics,95,0.94,technology,https://www.washingtonpost.com/politics/2022/02/28/social-networks-face-pressure-ban-russian-state-media/,2,,1646061711.0
t3p87z,"New lightweight super material could battle bullets, deflect space debris",Nanotech/Materials,30,0.79,technology,https://phys.org/news/2022-02-lightweight-super-material-bullets-deflect.html,2,,1646080536.0
t3lfax,New map of the universe reveals 4.4 million radio sources in the northern sky | Nearly 4.4 million radio source were detected by the pan-European telescope LOFAR in almost 144 days.,Space,49,0.84,technology,https://www.zmescience.com/science/astronomy/million-radio-sources-telescope-28022022/,14,,1646070804.0
t3oofe,"Demand for VPNs in Russia, Ukraine leaps as internet control tightens",Security,26,0.84,technology,https://www.reuters.com/markets/europe/demand-vpns-russia-ukraine-leaps-internet-control-tightens-2022-02-28/,1,,1646079115.0
t3rlbg,Samsung shipped millions of Galaxy devices with flawed encryption,Hardware,17,0.73,technology,https://appleinsider.com/articles/22/02/28/samsung-shipped-millions-of-galaxy-devices-with-flawed-encryption,3,,1646086711.0
t3vwgg,How Has the 3G Shutdown Screwed Your Car?,Networking/Telecom,9,0.65,technology,https://www.thedrive.com/news/44498/how-has-the-3g-shutdown-screwed-your-car,7,,1646098813.0
t3qxu6,"Despite U.S.-Russia Tensions, the First All-Commercial Flight to ISS is Still On",Space,18,0.9,technology,https://www.nextgov.com/emerging-tech/2022/02/despite-us-russia-tensions-first-all-commercial-flight-iss-still/362549/,1,,1646085006.0
t2owi1,Apple patents Magic Keyboard with integrated Mac inside to bring macOS to any display,Business,7139,0.95,technology,https://9to5mac.com/2022/02/25/apple-patents-magic-keyboard-with-integrated-mac-inside/,617,,1645970689.0
t3hev0,How a Face-Swapping App Got Around Censorship to Tell Russians the Truth,Software,54,0.87,technology,https://www.vice.com/en/article/bvnppd/reface-app-russian-ukraine-censorship,0,,1646060055.0
t2t5yu,Google blocks Russia's RT app downloads on Ukrainian territory,Politics,2640,0.97,technology,https://www.reuters.com/technology/google-blocks-russias-rt-app-downloads-ukrainian-territory-says-rt-2022-02-27/,84,,1645982996.0
t3rkip,Qualcomm promises lossless Bluetooth audio with new chipset,Hardware,13,0.78,technology,https://appleinsider.com/articles/22/02/28/qualcomm-promises-lossless-bluetooth-audio-with-new-chipset,3,,1646086650.0
t2pege,Secret facial recognition: Texas wants to sue Meta into bankruptcy,Business,4460,0.97,technology,https://www.riotimesonline.com/brazil-news/modern-day-censorship/secret-facial-recognition-texas-wants-to-sue-meta-into-bankruptcy/,201,,1645972204.0
t3ii68,"Veon's Ukrainian mobile network 'up and running', CEO says",Business,26,0.81,technology,https://www.reuters.com/business/media-telecom/veons-ukrainian-mobile-network-up-running-ceo-says-2022-02-28/,1,,1646063090.0
t3hiu8,"World's largest plane, Antonov AN-225, compared to other aircraft after Russia destroys it",Politics,29,0.8,technology,https://www.newsweek.com/antonov-225-mriya-biggest-largest-plane-world-russia-destroyed-ukraine-1683161,2,,1646060371.0
t3if1v,Toyota suspends domestic factory operations after suspected cyber attack,Security,27,0.8,technology,https://www.reuters.com/business/autos-transportation/toyota-suspends-all-domestic-factory-operations-after-suspected-cyber-attack-2022-02-28/,6,,1646062862.0
t3c9pg,Scientists Created Artificial Neurons That Can Make a Venus Flytrap Snap,Biotechnology,66,0.85,technology,https://singularityhub.com/2022/02/25/scientists-created-an-artificial-neuron-that-can-make-a-venus-flytrap-snap/,6,,1646042792.0
t3m37k,"New, nature-inspired concepts for turning CO2 into clean fuels",Biotechnology,12,0.69,technology,https://www.cam.ac.uk/research/news/new-nature-inspired-concepts-for-turning-co2-into-clean-fuels,0,,1646072462.0
t3o2d0,Texas AG Ken Paxton sues Facebook parent Meta over facial recognition,Business,7,0.62,technology,https://www.usatoday.com/story/business/2022/02/14/facebook-sued-by-texas-ag-ken-paxton-over-biometric-data/6788045001/,6,,1646077571.0
t3l4rl,UK politician who tweeted threat to nail journalist’s balls to the floor pushes user IDs to curb online abuse,Politics,10,0.65,technology,https://www.theverge.com/2022/2/25/22950506/uk-online-safety-verify-user-id-social-media-nadine-dorries-nail-balls-floor,8,,1646070048.0
t3lwbf,How Tech Could Help Out Endangered Languages Like Cherokee,Machine Learning,10,0.8,technology,https://www.usnews.com/news/us/articles/2022-02-28/how-tech-could-help-out-endangered-languages-like-cherokee?context=,0,,1646071986.0
t2e00v,AMD and Intel reportedly are suspending processor shipments for industrial use to Russia,Politics,35202,0.96,technology,https://www.windowscentral.com/intel-amd-russia-sanctions-ban-chips,852,,1645929913.0
t2h2kj,Elon Musk responds to Russia’s International Space Station threat,Space,7184,0.91,technology,https://www.news.com.au/technology/science/space/elon-musk-responds-to-russias-international-space-station-threat/news-story/d03f0165b2779929d3ae1a09af542da7,940,,1645940323.0
t3l9cz,TikTok announces 10-minute videos. But will it pay creators for their time?,Social Media,4,0.55,technology,https://mashable.com/article/tiktok-ten-minute-videos-youtube,5,,1646070377.0
t2nbi9,Australia’s standoff against Google and Facebook worked—sort of,Business,1173,0.95,technology,https://arstechnica.com/tech-policy/2022/02/australias-standoff-against-google-and-facebook-worked-sort-of/,22,,1645965296.0
t2yr6t,"Telecom giant Ericsson continued doing business in areas that fell to ISIS, internal report finds",Business,203,0.94,technology,https://www.washingtonpost.com/world/2022/02/27/ericsson-telecom-iraq-isis/,6,,1645998509.0
t3lbne,Chinese Startup Aims To Cut Rocket Production Costs By 80-Percent Via 3D Printing,Space,7,0.66,technology,https://www.lowyat.net/2022/267262/chinese-startup-aims-to-cut-rocket-production-costs-by-80-percent-via-3d-printing/,3,,1646070538.0
t2bit5,Musk says Starlink active in Ukraine as Russian invasion disrupts internet,Networking/Telecom,30134,0.86,technology,https://www.reuters.com/technology/musk-says-starlink-active-ukraine-russian-invasion-disrupts-internet-2022-02-27/,1084,,1645922284.0
t44nl4,The Ukraine War Is Testing the Myth of Elon Musk | The SpaceX CEO’s much-praised move to help keep the country online isn’t the magical fix it may seem.,Networking/Telecom,0,0.47,technology,https://www.theatlantic.com/science/archive/2022/02/elon-musk-ukraine-starlink-satellites/622954/,29,,1646129387.0
t3ix2t,Who Is Policing the Location Data Industry?,Privacy,6,0.69,technology,https://themarkup.org/ask-the-markup/2022/02/24/who-is-policing-the-location-data-industry,1,,1646064188.0
t2xslg,A National Vaccine Pass Has Quietly Rolled Out – And Red States Are Getting On Board,ADBLOCK WARNING,144,0.8,technology,https://www.forbes.com/sites/suzannerowankelleher/2022/02/24/national-vaccine-quietly-rolled-out/,39,,1645995839.0
t3scbq,The challenges of an electric vehicle revolution,Transportation,1,0.53,technology,https://www.theatlantic.com/politics/archive/2022/02/electric-vehicle-revolution-usps/622847,10,,1646088674.0
t2wzq7,"On Google Maps, tracking the invasion of Ukraine",Software,124,0.88,technology,https://www.washingtonpost.com/technology/2022/02/25/google-maps-ukraine-invasion/,15,,1645993572.0
t2hgr9,Russian Space Chief Says US Sanctions Could Lead to ISS Crash,Space,1699,0.92,technology,https://gizmodo.com/dmitry-rogozin-roscosmos-us-sanctions-iss-crash-into-ea-1848599213,246,,1645941744.0
t3h0o0,Computer Driven Autos Still Years Away Despite Massive Investment,ADBLOCK WARNING,4,0.62,technology,https://www.forbes.com/sites/neilwinton/2022/02/27/computer-driven-autos-still-years-away-despite-massive-investment/,10,,1646058961.0
t24ob2,"YouTube blocks RT, other Russian channels from generating revenue",Politics,44513,0.94,technology,https://www.reuters.com/technology/youtube-blocks-rt-other-russian-channels-generating-revenue-2022-02-26/,819,,1645902869.0
t34gjf,Linus Torvalds 'starting to get worried' as Linux kernel 5.17 rc6 lands,Software,36,0.73,technology,https://www.theregister.com/2022/02/28/linux_kernel_5_17_rc6/,4,,1646015114.0
t2t823,Norway's sovereign wealth fund to vote against Apple management's pay plan,Business,158,0.93,technology,https://www.reuters.com/technology/norways-sovereign-wealth-fund-vote-against-apple-managements-pay-plan-2022-02-27/,11,,1645983146.0
t26o1i,"Fedorov asks Musk to provide Ukraine with Starlink stations, satellite Internet access",Politics,7176,0.96,technology,https://www.ukrinform.net/rubric-ato/3413783-fedorov-asks-musk-to-provide-ukraine-with-starlink-stations-satellite-internet-access.html,306,,1645908398.0
t2sn4n,The data game: what Amazon knows about you and how to stop it,Privacy,138,0.91,technology,https://www.theguardian.com/technology/2022/feb/27/the-data-game-what-amazon-knows-about-you-and-how-to-stop-it,16,,1645981566.0
t36z4w,Huawei commits to consumer markets with 'Smart Office' launch,Business,15,0.66,technology,https://www.reuters.com/technology/huawei-commits-consumer-markets-with-smart-office-launch-2022-02-27/,0,,1646022937.0
t39o8v,Canada’s digital services tax and USTR’s opposition,Politics,9,0.67,technology,https://www.thehindu.com/business/Economy/canadas-digital-services-tax-and-ustrs-opposition/article65090468.ece,0,,1646032317.0
t37bw5,China welcomes investments from global integrated circuit companies,Business,15,0.68,technology,https://www.reuters.com/technology/china-welcomes-investments-global-integrated-circuit-companies-2022-02-28/,3,,1646024145.0
t2uscm,NSO sues Israeli paper after explosive articles on police,Business,71,0.87,technology,https://apnews.com/article/technology-business-lawsuits-software-tel-aviv-f56105431c1e122dbd35abac999c6870,1,,1645987448.0
t2fxhp,"New Research: Tinder’s Opaque, Unfair Pricing Algorithm Can Charge Users Up to Five-Times More For Same Service",Business,672,0.96,technology,https://foundation.mozilla.org/en/blog/new-research-tinders-opaque-unfair-pricing-algorithm-can-charge-users-up-to-five-times-more-for-same-service/,64,,1645936392.0
t3il4t,These Are the Most Exciting Phones From MWC 2022,Hardware,0,0.43,technology,https://www.wired.co.uk/article/new-phones-mwc-2022,2,,1646063304.0
t2y4q7,Google announces zero-day in Chrome browser – update now!,Security,27,0.69,technology,https://nakedsecurity.sophos.com/2022/02/15/google-announces-zero-day-in-chrome-browser-update-now/,5,,1645996784.0
t1vg3f,U.S. Puts Banning Russia From SWIFT Global System Back in Play,Fintech,59196,0.94,technology,https://www.bnnbloomberg.ca/u-s-puts-banning-russia-from-swift-global-system-back-in-play-1.1729089,991,,1645876579.0
t3frdp,Qualcomm's X70 5G modem has an AI processor to improve signal strength,Hardware,0,0.5,technology,https://www.engadget.com/qualcomm-x70-annoucement-mwc-2022-133015807.html,2,,1646055353.0
t3rj5r,Apple is said to be working on a foldable MacBook/iPad hybrid device,Hardware,0,0.35,technology,https://arstechnica.com/gadgets/2022/02/apple-is-said-to-be-working-on-a-foldable-macbook-ipad-hybrid-device/,7,,1646086544.0
t1yoov,Czech domain operator blocks eight websites spreading disinformation and Kremlin propaganda,Politics,5074,0.98,technology,https://english.radio.cz/czech-domain-operator-blocks-eight-websites-spreading-disinformation-and-kremlin-8743164,64,,1645886772.0
t3809d,MUHC uses artificial intelligence to train neurosurgery students,Artificial Intelligence,5,0.67,technology,https://montreal.ctvnews.ca/mobile/muhc-uses-artificial-intelligence-to-train-neurosurgery-students-1.5797818,0,,1646026356.0
t2pnon,Animation: Using Planets to Visualize the Speed of Light,Space,40,0.81,technology,https://www.visualcapitalist.com/cp/using-planets-to-visualize-the-speed-of-light/,2,,1645972957.0
t1rv4y,Facebook bans Russian state run media from running ads,Politics,16634,0.96,technology,https://www.reuters.com/technology/meta-bar-russian-state-media-running-ads-monetizing-platform-2022-02-26/,493,,1645862961.0
t2xyq3,Huawei Reveals Suspiciously familiar product designs,ADBLOCK WARNING,9,0.68,technology,https://www.forbes.com/sites/davidphelan/2022/02/27/huawei-reveals-desktop-pc-with-gorgeous-design-to-rival-apple/?sh=6a94549d36e5,8,,1645996302.0
t2hhsz,Ransomware group claiming responsibility for Nvidia attack is hacked in turn | PC Gamer,Security,136,0.94,technology,https://www.pcgamer.com/uk/ransomware-group-claiming-responsibility-for-nvidia-attack-is-hacked-in-turn/,26,,1645941850.0
t20wbl,Mobile World Congress organizers will ban some Russian firms from the show,Business,759,0.96,technology,https://www.theverge.com/2022/2/25/22951426/mobile-world-congress-organizers-ban-russian-pavillion-ukraine-invasion,6,,1645892824.0
t26vqs,"US firms should be wary of destructive malware unleashed on Ukraine, FBI and CISA warn",Security,322,0.95,technology,https://www.cnn.com/2022/02/26/politics/ukraine-malware-warning-cybersecurity-fbi-cisa/index.html,1,,1645909022.0
t2k0qp,The first TikTok war: how are influencers in Russia and Ukraine responding?,Social Media,34,0.71,technology,https://www.theguardian.com/media/2022/feb/26/social-media-influencers-russia-ukraine-tiktok-instagram,4,,1645951911.0
t1ksxm,Apple Pay unavailable in Russia after U.S. and E.U. imposed-sanctions,Politics,14912,0.98,technology,https://appleinsider.com/articles/22/02/25/apple-pay-unavailable-in-russia-after-us-and-eu-imposed-sanctions,324,,1645840391.0
t2l3w0,Publication of the FSF-funded white papers on questions around GitHub Copilot,Software,25,0.8,technology,https://www.fsf.org/news/publication-of-the-fsf-funded-white-papers-on-questions-around-copilot,1,,1645956268.0
t1il3k,"Ukraine Vice PM urges Apple to cut products, services supply in Russia",Business,80424,0.92,technology,https://www.reuters.com/world/ukraine-vice-pm-urges-apple-cut-products-services-supply-russia-2022-02-25/,1972,,1645834082.0
t22c75,Information Warfare Is Without Limits and So Are Its Consequences,Society,257,0.95,technology,https://schmud.de/posts/2022-02-25-info-warfare-without-limits.html,19,,1645896625.0
t28957,It Takes a Village: Solving the Broadband Adoption Problem in Rural America - It will take more than infrastructure to get rural and tribal communities online.,Networking/Telecom,106,0.96,technology,https://www.cnet.com/home/internet/it-takes-a-village-solving-the-broadband-adoption-problem-in-rural-america/,15,,1645912891.0
t2b9y7,Why the ethical use of data and user privacy concerns matter,Privacy,65,0.88,technology,https://venturebeat.com/2022/02/26/why-the-ethical-use-of-data-and-user-privacy-concerns-matter/,8,,1645921534.0
t1i4pc,Computer chip industry begins halting deliveries to Russia in response to U.S. sanctions,Politics,4813,0.98,technology,https://www.washingtonpost.com/technology/2022/02/25/ukraine-russia-chips-sanctions-tsmc/,93,,1645832853.0
t2424n,What You Need to Know About Google's VPN,Privacy,129,0.92,technology,https://gizmodo.com/google-one-vpn-price-features-1848521044,75,,1645901208.0
t279zk,‘Netwar’ Could Be Even Worse Than Cyberwar | A risk first described almost 30 years ago is now mature.,Security,77,0.88,technology,https://www.theatlantic.com/technology/archive/2022/02/russia-ukraine-conflict-cyberwar/622931/,7,,1645910115.0
t1uer7,Intel picks Magdeburg in Germany for new European chip factory,Business,337,0.96,technology,https://www.reuters.com/technology/intel-picks-magdeburg-germany-new-european-chip-factory-2022-02-26/,32,,1645872572.0
t193fp,Russia Today Suggests Anonymous Took Down Its Site,Misleading,8396,0.98,technology,https://www.vice.com/en/article/akvy7j/russia-today-suggests-anonymous-took-down-its-site,313,,1645809197.0
t16930,Startup founder says he lost his company and $100 million by relying on Facebook: 'Sends chills down my spine' to watch others build businesses on Instagram and TikTok,Business,27740,0.86,technology,https://www.businessinsider.com/facebook-startup-founder-littlethings-joe-speiser-2018-algorithm-change-2022-2,1140,,1645801839.0
t1x0vp,New Chip Can Prevent Hackers From Extracting Hidden Information From Smart Devices,Security,107,0.91,technology,https://scitechdaily.com/new-chip-can-prevent-hackers-from-extracting-hidden-information-from-smart-devices/,14,,1645881826.0
t22os6,Gig worker bill backed by Uber and Lyft passes in Washington State House,Business,44,0.82,technology,https://www.engadget.com/gig-worker-bill-backed-by-uber-and-lyft-passes-washington-state-house-153253001.html,0,,1645897559.0
t1pic9,Report: Two-thirds of consumers would rather use a chatbot than browse a website,Software,353,0.64,technology,https://venturebeat.com/2022/02/25/report-two-thirds-of-consumers-would-rather-use-a-chatbot-than-browse-a-website/,165,,1645854456.0
t14co5,Ukraine Military Calls on Citizens With Drones to Help Kyiv,Hardware,4735,0.98,technology,https://gizmodo.com/ukraine-military-calls-on-citizens-with-hobby-drones-to-1848592986,160,,1645796617.0
t1tekb,A brief tour of the Steam Deck’s Linux implementation,Software,107,0.93,technology,https://arstechnica.com/gaming/2022/02/linux-on-steam-deck-what-you-need-to-know-what-currently-works/,1,,1645868869.0
t0y163,"Hacker collective Anonymous declares 'cyber war' against Russia, disables state news website",Misleading,127060,0.89,technology,https://www.abc.net.au/news/science/2022-02-25/hacker-collective-anonymous-declares-cyber-war-against-russia/100861160,3480,,1645773960.0
t24075,RISC-V AI Chips Will Be Everywhere,Hardware,15,0.78,technology,https://spectrum.ieee.org/risc-v-ai,2,,1645901065.0
t1axoo,Meta sets up special team to deal with rampant misinformation around Ukraine,Social Media,1225,0.9,technology,https://mashable.com/article/facebook-ukraine-russia-special-team,156,,1645813865.0
t259we,"Can better tech really fix darker-skin bias in smartphone cameras? Google thinks so | In Black History Month, Google promotes Real Tone feature as a fix for poor representation of darker skin",Software,13,0.57,technology,https://www.cbc.ca/news/business/google-real-tone-pixel-1.6363809,19,,1645904500.0
t2zuwx,Top 10 tech trends of 2022,Hardware,0,0.14,technology,https://www.yankodesign.com/2022/02/26/top-10-tech-trends-of-2022/,2,,1646001625.0
t1mgni,Doctors Were Able to Study a Man's Brain Activity as He Died,Biotechnology,199,0.93,technology,https://gizmodo.com/doctors-were-able-to-study-a-mans-brain-activity-as-he-1848590805,34,,1645845018.0
t1nnwq,Webb Telescope reaches major milestone: All its light is in one place,Space,144,0.95,technology,https://arstechnica.com/science/2022/02/webb-telescope-reaches-major-milestone-all-its-light-is-in-one-place/,5,,1645848625.0
t1ksxw,FCC to probe domestic Russian-owned media and telecom companies.,Politics,197,0.94,technology,https://www.engadget.com/fcc-to-probe-domestic-russian-owned-media-and-telecom-companies-013403860.html,24,,1645840392.0
t1pgv1,Taiwan sees limited impact from Ukraine war on chip supply chain,Business,96,0.91,technology,https://www.reuters.com/markets/europe/taiwan-sees-limited-impact-ukraine-war-chip-supply-chain-2022-02-26/,1,,1645854326.0
t1or72,TikTokers are latching on to explosion and screaming audios to create fake videos of Russia invading Ukraine,Social Media,99,0.82,technology,https://www.businessinsider.com.au/tiktok-russia-ukraine-invasion-fake-doctored-misleading-videos-clips-explosion-2022-2,22,,1645852016.0
t2301c,"Jetson ONE eVTOL Is a $92,000 'Flying Sports Car'",Transportation,9,0.66,technology,https://www.autoweek.com/news/a39092293/jetson-one-is-a-dollar-92000-flying-sports-car/,13,,1645898403.0
t0sk9w,Ukrainian government calls on hackers to help defend against Russia,Politics,10677,0.98,technology,https://www.theguardian.com/world/2022/feb/24/ukraine-hackers-defend-against-russia,204,,1645756494.0
t0pxzd,"Russian attempts to 'weaponise' energy may fast-track Europe's shift to renewables, after initial pain",Business,49261,0.92,technology,https://www.abc.net.au/news/2022-02-25/russia-invasion-of-ukraine-europe-renewable-energy/100858538,1703,,1645748992.0
t1c5rr,Chipmaker Nvidia investigating potential cyberattack,Security,325,0.96,technology,https://www.reuters.com/technology/chipmaker-nvidia-investigating-potential-cyberattack-report-2022-02-25/,10,,1645817046.0
t1lja6,Hark back to the late 1990s with this re-creation of the dialup Internet experience,Software,75,0.86,technology,https://arstechnica.com/gaming/2022/01/harken-back-to-the-late-1990s-with-this-re-creation-of-the-dialup-internet-experience/,15,,1645842382.0
t19gvl,"Florida man bought Tesla storage batteries for his solar system, pays almost nothing to FPL",Energy,366,0.93,technology,https://techxplore.com/news/2022-02-florida-bought-tesla-storage-batteries.html,91,,1645810175.0
